,model,data,win(sec),wacc,f1,recall,acc
0,ActiModel,CAD,360,0.804609253666914,0.31697462512467667,0.7876827423962359,0.8197381042675174
