,model,data,win(sec),wacc,f1,recall,acc
0,ActiModel,CAD,360,0.7854879067310994,0.3271882494004796,0.7286989902361679,0.8360639273992175
