,model,data,win(sec),wacc,f1,recall,acc
0,ActiModel,lawler,360,0.834298071508849,0.42337732291947205,0.751434034416826,0.9098640171767777
