,model,data,win(sec),wacc,f1,recall,acc
0,ActiModel,wenkanw,360,0.9442288384306456,0.6968973747016707,0.9358974358974359,0.9515689692743518
