,model,data,win(sec),wacc,f1,recall,acc
0,ActiModel,adam,360,0.9089501949739232,0.3175783324482209,0.9256965944272446,0.8931037351301888
