,model,data,win(sec),wacc,f1,recall,acc
0,ActiModel,shaurya,360,0.8206620486032251,0.30534351145038163,0.8928571428571429,0.7571001494768311
