,model,win(sec),wacc,f1,recall,acc,data
0,ActiModel,360,0.9193393788519407,0.31189873417721514,0.9535603715170279,0.8869572450507404,adam
