,model,win(sec),wacc,f1,recall,acc,data
0,ActiModel,360,0.7894966229072178,0.2266597510373444,0.833969465648855,0.7489476342818656,lawler
