,model,win(sec),wacc,f1,recall,acc,data
0,ActiModel,360,0.7946055533930194,0.4280936454849499,0.6857142857142857,0.8904782237403929,shaurya
