,model,win(sec),wacc,f1,recall,acc,data
0,ActiModel,360,0.9246277812990809,0.5880302149912842,0.9267399267399268,0.9227668845315904,wenkanw
